-- 预置20道菜式数据
-- 首先添加一些可能缺失的常用食材

-- 添加额外常用食材
INSERT INTO ingredients (id, name, name_en, category, default_unit, default_amount, storage_days, description, is_active)
VALUES
    ('01HFBASEING000000000010100', '鸡腿', 'chicken leg', 'meat', '个', 1, 2, '肉质鲜嫩，适合红烧或烤制', TRUE),
    ('01HFBASEING000000000010200', '排骨', 'pork ribs', 'meat', 'g', 500, 2, '适合炖汤或红烧', TRUE),
    ('01HFBASEING000000000010300', '牛肉', 'beef', 'meat', 'g', 300, 2, '适合炒制或炖煮', TRUE),
    ('01HFBASEING000000000010400', '羊肉', 'lamb', 'meat', 'g', 300, 2, '适合炖汤或涮火锅', TRUE),
    ('01HFBASEING000000000010500', '鱼片', 'fish fillet', 'seafood', 'g', 200, 1, '适合水煮或清蒸', TRUE),
    ('01HFBASEING000000000010600', '海带', 'kelp', 'seafood', 'g', 100, 7, '可做汤或凉拌', TRUE),
    ('01HFBASEING000000000010700', '豆角', 'green bean', 'vegetable', '把', 1, 3, '适合炒制或炖煮', TRUE),
    ('01HFBASEING000000000010800', '四季豆', 'string bean', 'vegetable', '把', 1, 3, '需充分煮熟', TRUE),
    ('01HFBASEING000000000010900', '空心菜', 'water spinach', 'vegetable', '把', 1, 2, '适合快炒', TRUE),
    ('01HFBASEING000000000011000', '韭菜', 'chive', 'vegetable', '把', 1, 3, '适合炒蛋或做馅', TRUE),
    ('01HFBASEING000000000011100', '芹菜', 'celery', 'vegetable', '根', 2, 5, '清香爽脆，可炒可凉拌', TRUE),
    ('01HFBASEING000000000011200', '莴笋', 'lettuce stem', 'vegetable', '根', 1, 5, '脆嫩可炒可凉拌', TRUE),
    ('01HFBASEING000000000011300', '小白菜', 'baby bok choy', 'vegetable', '把', 1, 3, '嫩叶适合清炒', TRUE),
    ('01HFBASEING000000000011400', '大白菜', 'napa cabbage', 'vegetable', '颗', 1, 7, '适合炖煮或做馅', TRUE),
    ('01HFBASEING000000000011500', '娃娃菜', 'baby cabbage', 'vegetable', '颗', 2, 3, '嫩叶适合清炒或做汤', TRUE),
    ('01HFBASEING000000000011600', '韭黄', 'yellow chive', 'vegetable', '把', 1, 3, '适合炒制', TRUE),
    ('01HFBASEING000000000011700', '蒜苗', 'garlic sprout', 'vegetable', '把', 1, 3, '适合炒制或做配菜', TRUE),
    ('01HFBASEING000000000011800', '茼蒿', 'crown daisy', 'vegetable', '把', 1, 2, '清香适合清炒或做汤', TRUE),
    ('01HFBASEING000000000011900', '豆苗', 'pea sprout', 'vegetable', '把', 1, 2, '嫩芽适合清炒', TRUE),
    ('01HFBASEING000000000012000', '白胡椒粉', 'white pepper', 'condiment', 'g', 1, 365, '去腥提味', TRUE),
    ('01HFBASEING000000000012100', '五香粉', 'five spice powder', 'condiment', 'g', 2, 365, '复合香料粉', TRUE),
    ('01HFBASEING000000000012200', '淀粉', 'starch', 'condiment', 'g', 10, 365, '勾芡或上浆用', TRUE),
    ('01HFBASEING000000000012300', '鸡精', 'chicken essence', 'condiment', 'g', 2, 365, '提鲜调味', TRUE),
    ('01HFBASEING000000000012400', '白醋', 'white vinegar', 'condiment', '勺', 1, 365, '酸味调料', TRUE),
    ('01HFBASEING000000000012500', '柠檬', 'lemon', 'fruit', '个', 1, 10, '可做调料或饮品', TRUE)
ON CONFLICT (id) DO NOTHING;

-- 使用测试家庭和用户ID
-- 家庭ID: '01KAFWYVKQS71KYJNQ9MZX3QWX'
-- 创建者ID: '01KAFWYD6SVE37C8RBEX4SXEMH' (小竹)

-- 1. 红烧肉
INSERT INTO dishes (id, family_id, name, category, description, image_url, created_by, created_at, updated_at) VALUES
('01DISH00000000000000000100', '01KAFWYVKQS71KYJNQ9MZX3QWX', '红烧肉', '肉类', '经典家常菜，肥而不腻，入口即化', '', '01KAFWYD6SVE37C8RBEX4SXEMH', CURRENT_TIMESTAMP, CURRENT_TIMESTAMP);

INSERT INTO dish_ingredients (id, dish_id, ingredient_id, amount, unit, notes, sort_order) VALUES
('01DISHING00000000000000100', '01DISH00000000000000000100', '01HFBASEING000000000000100', 500, 'g', '五花肉切块', 1),
('01DISHING00000000000000200', '01DISH00000000000000000100', '01HFBASEING000000000003200', 2, '根', '切段', 2),
('01DISHING00000000000000300', '01DISH00000000000000000100', '01HFBASEING000000000003500', 3, '块', '切片', 3),
('01DISHING00000000000000400', '01DISH00000000000000000100', '01HFBASEING000000000008500', 2, '勺', '', 4),
('01DISHING00000000000000500', '01DISH00000000000000000100', '01HFBASEING000000000008600', 1, '勺', '', 5),
('01DISHING00000000000000600', '01DISH00000000000000000100', '01HFBASEING000000000008100', 10, 'g', '', 6),
('01DISHING00000000000000700', '01DISH00000000000000000100', '01HFBASEING000000000008400', 3, 'g', '', 7);

INSERT INTO cooking_steps (id, dish_id, step_order, content, image_url) VALUES
('01STEP00000000000000000100', '01DISH00000000000000000100', 1, '五花肉洗净切块，冷水下锅焯水去腥', ''),
('01STEP00000000000000000200', '01DISH00000000000000000100', 2, '热锅下油，放入冰糖炒糖色', ''),
('01STEP00000000000000000300', '01DISH00000000000000000100', 3, '放入五花肉块翻炒上色', ''),
('01STEP00000000000000000400', '01DISH00000000000000000100', 4, '加入葱姜、生抽、老抽、料酒翻炒', ''),
('01STEP00000000000000000500', '01DISH00000000000000000100', 5, '加水没过肉块，大火烧开转小火炖40分钟', ''),
('01STEP00000000000000000600', '01DISH00000000000000000100', 6, '大火收汁，装盘即可', '');

-- 2. 西红柿炒蛋
INSERT INTO dishes (id, family_id, name, category, description, image_url, created_by, created_at, updated_at) VALUES
('01DISH00000000000000000200', '01KAFWYVKQS71KYJNQ9MZX3QWX', '西红柿炒蛋', '家常菜', '经典下饭菜，酸甜可口', '', '01KAFWYD6SVE37C8RBEX4SXEMH', CURRENT_TIMESTAMP, CURRENT_TIMESTAMP);

INSERT INTO dish_ingredients (id, dish_id, ingredient_id, amount, unit, notes, sort_order) VALUES
('01DISHING00000000000000800', '01DISH00000000000000000200', '01HFBASEING000000000002100', 2, '个', '切块', 1),
('01DISHING00000000000000900', '01DISH00000000000000000200', '01HFBASEING000000000001100', 3, '个', '打散', 2),
('01DISHING00000000000001000', '01DISH00000000000000000200', '01HFBASEING000000000003300', 1, '把', '切葱花', 3),
('01DISHING00000000000001100', '01DISH00000000000000000200', '01HFBASEING000000000008400', 2, 'g', '', 4),
('01DISHING00000000000001200', '01DISH00000000000000000200', '01HFBASEING000000000008100', 5, 'g', '', 5),
('01DISHING00000000000001300', '01DISH00000000000000000200', '01HFBASEING000000000009000', 0.5, '勺', '', 6);

INSERT INTO cooking_steps (id, dish_id, step_order, content, image_url) VALUES
('01STEP00000000000000000700', '01DISH00000000000000000200', 1, '鸡蛋打散，加少许盐调味', ''),
('01STEP00000000000000000800', '01DISH00000000000000000200', 2, '西红柿洗净切块', ''),
('01STEP00000000000000000900', '01DISH00000000000000000200', 3, '热锅下油，倒入蛋液炒熟盛起', ''),
('01STEP00000000000000001000', '01DISH00000000000000000200', 4, '锅中留底油，下西红柿块炒出汁', ''),
('01STEP00000000000000001100', '01DISH00000000000000000200', 5, '倒入炒蛋，加糖和盐调味', ''),
('01STEP00000000000000001200', '01DISH00000000000000000200', 6, '撒葱花，淋香油即可', '');

-- 3. 麻婆豆腐
INSERT INTO dishes (id, family_id, name, category, description, image_url, created_by, created_at, updated_at) VALUES
('01DISH00000000000000000300', '01KAFWYVKQS71KYJNQ9MZX3QWX', '麻婆豆腐', '川菜', '麻辣鲜香，下饭神器', '', '01KAFWYD6SVE37C8RBEX4SXEMH', CURRENT_TIMESTAMP, CURRENT_TIMESTAMP);

INSERT INTO dish_ingredients (id, dish_id, ingredient_id, amount, unit, notes, sort_order) VALUES
('01DISHING00000000000001400', '01DISH00000000000000000300', '01HFBASEING000000000001300', 1, '块', '切块', 1),
('01DISHING00000000000001500', '01DISH00000000000000000300', '01HFBASEING000000000000400', 100, 'g', '切末', 2),
('01DISHING00000000000001600', '01DISH00000000000000000300', '01HFBASEING000000000009100', 1, '勺', '豆瓣酱', 3),
('01DISHING00000000000001700', '01DISH00000000000000000300', '01HFBASEING000000000003900', 3, '个', '切圈', 4),
('01DISHING00000000000001800', '01DISH00000000000000000300', '01HFBASEING000000000003400', 3, '瓣', '切末', 5),
('01DISHING00000000000001900', '01DISH00000000000000000300', '01HFBASEING000000000003500', 1, '块', '切末', 6),
('01DISHING00000000000002000', '01DISH00000000000000000300', '01HFBASEING000000000012200', 10, 'g', '勾芡用', 7);

INSERT INTO cooking_steps (id, dish_id, step_order, content, image_url) VALUES
('01STEP00000000000000001300', '01DISH00000000000000000300', 1, '豆腐切块，用盐水焯一下', ''),
('01STEP00000000000000001400', '01DISH00000000000000000300', 2, '热锅下油，下肉末炒散', ''),
('01STEP00000000000000001500', '01DISH00000000000000000300', 3, '加入豆瓣酱炒出红油', ''),
('01STEP00000000000000001600', '01DISH00000000000000000300', 4, '下蒜末、姜末、小米椒炒香', ''),
('01STEP00000000000000001700', '01DISH00000000000000000300', 5, '加水烧开，下豆腐块煮5分钟', ''),
('01STEP00000000000000001800', '01DISH00000000000000000300', 6, '用淀粉勾芡，装盘即可', '');

-- 4. 宫保鸡丁
INSERT INTO dishes (id, family_id, name, category, description, image_url, created_by, created_at, updated_at) VALUES
('01DISH00000000000000000400', '01KAFWYVKQS71KYJNQ9MZX3QWX', '宫保鸡丁', '川菜', '经典川菜，麻辣鲜香', '', '01KAFWYD6SVE37C8RBEX4SXEMH', CURRENT_TIMESTAMP, CURRENT_TIMESTAMP);

INSERT INTO dish_ingredients (id, dish_id, ingredient_id, amount, unit, notes, sort_order) VALUES
('01DISHING00000000000002100', '01DISH00000000000000000400', '01HFBASEING000000000000200', 200, 'g', '鸡胸肉切丁', 1),
('01DISHING00000000000002200', '01DISH00000000000000000400', '01HFBASEING000000000003100', 1, '个', '切块', 2),
('01DISHING00000000000002300', '01DISH00000000000000000400', '01HFBASEING000000000007700', 30, 'g', '花生米', 3),
('01DISHING00000000000002400', '01DISH00000000000000000400', '01HFBASEING000000000003900', 3, '个', '切圈', 4),
('01DISHING00000000000002500', '01DISH00000000000000000400', '01HFBASEING000000000003400', 3, '瓣', '切末', 5),
('01DISHING00000000000002600', '01DISH00000000000000000400', '01HFBASEING000000000003500', 1, '块', '切末', 6),
('01DISHING00000000000002700', '01DISH00000000000000000400', '01HFBASEING000000000009200', 2, 'g', '花椒', 7),
('01DISHING00000000000002800', '01DISH00000000000000000400', '01HFBASEING000000000012200', 10, 'g', '上浆用', 8);

INSERT INTO cooking_steps (id, dish_id, step_order, content, image_url) VALUES
('01STEP00000000000000001900', '01DISH00000000000000000400', 1, '鸡胸肉切丁，用料酒、生抽、淀粉腌制15分钟', ''),
('01STEP00000000000000002000', '01DISH00000000000000000400', 2, '热锅下油，下鸡丁炒至变色盛起', ''),
('01STEP00000000000000002100', '01DISH00000000000000000400', 3, '锅中留底油，下花椒、小米椒炒香', ''),
('01STEP00000000000000002200', '01DISH00000000000000000400', 4, '下洋葱块、蒜末、姜末炒香', ''),
('01STEP00000000000000002300', '01DISH00000000000000000400', 5, '倒入鸡丁，加生抽、糖、醋调味', ''),
('01STEP00000000000000002400', '01DISH00000000000000000400', 6, '最后下花生米，炒匀即可', '');

-- 5. 糖醋排骨
INSERT INTO dishes (id, family_id, name, category, description, image_url, created_by, created_at, updated_at) VALUES
('01DISH00000000000000000500', '01KAFWYVKQS71KYJNQ9MZX3QWX', '糖醋排骨', '肉类', '酸甜可口，老少皆宜', '', '01KAFWYD6SVE37C8RBEX4SXEMH', CURRENT_TIMESTAMP, CURRENT_TIMESTAMP);

INSERT INTO dish_ingredients (id, dish_id, ingredient_id, amount, unit, notes, sort_order) VALUES
('01DISHING00000000000002900', '01DISH00000000000000000500', '01HFBASEING000000000010200', 500, 'g', '排骨切段', 1),
('01DISHING00000000000003000', '01DISH00000000000000000500', '01HFBASEING000000000008100', 20, 'g', '冰糖', 2),
('01DISHING00000000000003100', '01DISH00000000000000000500', '01HFBASEING000000000008900', 2, '勺', '陈醋', 3),
('01DISHING00000000000003200', '01DISH00000000000000000500', '01HFBASEING000000000003500', 3, '块', '切片', 4),
('01DISHING00000000000003300', '01DISH00000000000000000500', '01HFBASEING000000000003200', 2, '根', '切段', 5),
('01DISHING00000000000003400', '01DISH00000000000000000500', '01HFBASEING000000000008500', 2, '勺', '生抽', 6),
('01DISHING00000000000003500', '01DISH00000000000000000500', '01HFBASEING000000000008400', 3, 'g', '盐', 7);

INSERT INTO cooking_steps (id, dish_id, step_order, content, image_url) VALUES
('01STEP00000000000000002500', '01DISH00000000000000000500', 1, '排骨洗净切段，冷水下锅焯水去腥', ''),
('01STEP00000000000000002600', '01DISH00000000000000000500', 2, '热锅下油，放入冰糖炒糖色', ''),
('01STEP00000000000000002700', '01DISH00000000000000000500', 3, '下排骨翻炒上色', ''),
('01STEP00000000000000002800', '01DISH00000000000000000500', 4, '加入葱姜、生抽、醋、料酒翻炒', ''),
('01STEP00000000000000002900', '01DISH00000000000000000500', 5, '加水没过排骨，大火烧开转小火炖30分钟', ''),
('01STEP00000000000000003000', '01DISH00000000000000000500', 6, '大火收汁，装盘即可', '');

-- 6. 清蒸鲈鱼
INSERT INTO dishes (id, family_id, name, category, description, image_url, created_by, created_at, updated_at) VALUES
('01DISH00000000000000000600', '01KAFWYVKQS71KYJNQ9MZX3QWX', '清蒸鲈鱼', '海鲜', '原汁原味，鲜嫩爽滑', '', '01KAFWYD6SVE37C8RBEX4SXEMH', CURRENT_TIMESTAMP, CURRENT_TIMESTAMP);

INSERT INTO dish_ingredients (id, dish_id, ingredient_id, amount, unit, notes, sort_order) VALUES
('01DISHING00000000000003600', '01DISH00000000000000000600', '01HFBASEING000000000001000', 500, 'g', '鲈鱼一条', 1),
('01DISHING00000000000003700', '01DISH00000000000000000600', '01HFBASEING000000000003500', 3, '块', '切片', 2),
('01DISHING00000000000003800', '01DISH00000000000000000600', '01HFBASEING000000000003200', 2, '根', '切段', 3),
('01DISHING00000000000003900', '01DISH00000000000000000600', '01HFBASEING000000000003300', 1, '把', '切丝', 4),
('01DISHING00000000000004000', '01DISH00000000000000000600', '01HFBASEING000000000008500', 2, '勺', '生抽', 5),
('01DISHING00000000000004100', '01DISH00000000000000000600', '01HFBASEING000000000009000', 1, '勺', '香油', 6);

INSERT INTO cooking_steps (id, dish_id, step_order, content, image_url) VALUES
('01STEP00000000000000003100', '01DISH00000000000000000600', 1, '鲈鱼洗净，在鱼身两侧划几刀', ''),
('01STEP00000000000000003200', '01DISH00000000000000000600', 2, '鱼身抹盐，放上姜片和葱段', ''),
('01STEP00000000000000003300', '01DISH00000000000000000600', 3, '水开后上锅蒸8-10分钟', ''),
('01STEP00000000000000003400', '01DISH00000000000000000600', 4, '取出后倒掉盘中水，去掉姜片和葱段', ''),
('01STEP00000000000000003500', '01DISH00000000000000000600', 5, '淋上生抽和香油', ''),
('01STEP00000000000000003600', '01DISH00000000000000000600', 6, '撒上葱丝，浇上热油即可', '');

-- 7. 蒜蓉西兰花
INSERT INTO dishes (id, family_id, name, category, description, image_url, created_by, created_at, updated_at) VALUES
('01DISH00000000000000000700', '01KAFWYVKQS71KYJNQ9MZX3QWX', '蒜蓉西兰花', '蔬菜', '清爽健康，简单美味', '', '01KAFWYD6SVE37C8RBEX4SXEMH', CURRENT_TIMESTAMP, CURRENT_TIMESTAMP);

INSERT INTO dish_ingredients (id, dish_id, ingredient_id, amount, unit, notes, sort_order) VALUES
('01DISHING00000000000004200', '01DISH00000000000000000700', '01HFBASEING000000000002800', 1, '颗', '切小朵', 1),
('01DISHING00000000000004300', '01DISH00000000000000000700', '01HFBASEING000000000003400', 5, '瓣', '切末', 2),
('01DISHING00000000000004400', '01DISH00000000000000000700', '01HFBASEING000000000008500', 1, '勺', '生抽', 3),
('01DISHING00000000000004500', '01DISH00000000000000000700', '01HFBASEING000000000008400', 2, 'g', '盐', 4),
('01DISHING00000000000004600', '01DISH00000000000000000700', '01HFBASEING000000000009000', 0.5, '勺', '香油', 5);

INSERT INTO cooking_steps (id, dish_id, step_order, content, image_url) VALUES
('01STEP00000000000000003700', '01DISH00000000000000000700', 1, '西兰花洗净切小朵', ''),
('01STEP00000000000000003800', '01DISH00000000000000000700', 2, '锅中烧水，加少许盐和油，下西兰花焯水1分钟', ''),
('01STEP00000000000000003900', '01DISH00000000000000000700', 3, '捞出过凉水，沥干备用', ''),
('01STEP00000000000000004000', '01DISH00000000000000000700', 4, '热锅下油，下蒜末炒香', ''),
('01STEP00000000000000004100', '01DISH00000000000000000700', 5, '下西兰花快速翻炒', ''),
('01STEP00000000000000004200', '01DISH00000000000000000700', 6, '加生抽、盐调味，淋香油即可', '');

-- 8. 紫菜蛋花汤
INSERT INTO dishes (id, family_id, name, category, description, image_url, created_by, created_at, updated_at) VALUES
('01DISH00000000000000000800', '01KAFWYVKQS71KYJNQ9MZX3QWX', '紫菜蛋花汤', '汤类', '清淡鲜美，简单易做', '', '01KAFWYD6SVE37C8RBEX4SXEMH', CURRENT_TIMESTAMP, CURRENT_TIMESTAMP);

INSERT INTO dish_ingredients (id, dish_id, ingredient_id, amount, unit, notes, sort_order) VALUES
('01DISHING00000000000004700', '01DISH00000000000000000800', '01HFBASEING000000000004500', 2, '张', '紫菜', 1),
('01DISHING00000000000004800', '01DISH00000000000000000800', '01HFBASEING000000000001100', 2, '个', '打散', 2),
('01DISHING00000000000004900', '01DISH00000000000000000800', '01HFBASEING000000000003300', 1, '把', '切葱花', 3),
('01DISHING00000000000005000', '01DISH00000000000000000800', '01HFBASEING000000000008400', 2, 'g', '盐', 4),
('01DISHING00000000000005100', '01DISH00000000000000000800', '01HFBASEING000000000009000', 0.5, '勺', '香油', 5);

INSERT INTO cooking_steps (id, dish_id, step_order, content, image_url) VALUES
('01STEP00000000000000004300', '01DISH00000000000000000800', 1, '紫菜用温水泡软，洗净', ''),
('01STEP00000000000000004400', '01DISH00000000000000000800', 2, '鸡蛋打散备用', ''),
('01STEP00000000000000004500', '01DISH00000000000000000800', 3, '锅中加水烧开', ''),
('01STEP00000000000000004600', '01DISH00000000000000000800', 4, '下紫菜煮1分钟', ''),
('01STEP00000000000000004700', '01DISH00000000000000000800', 5, '慢慢倒入蛋液，用筷子搅散', ''),
('01STEP00000000000000004800', '01DISH00000000000000000800', 6, '加盐调味，撒葱花，淋香油即可', '');

-- 9. 地三鲜
INSERT INTO dishes (id, family_id, name, category, description, image_url, created_by, created_at, updated_at) VALUES
('01DISH00000000000000000900', '01KAFWYVKQS71KYJNQ9MZX3QWX', '地三鲜', '东北菜', '茄子土豆青椒，经典搭配', '', '01KAFWYD6SVE37C8RBEX4SXEMH', CURRENT_TIMESTAMP, CURRENT_TIMESTAMP);

INSERT INTO dish_ingredients (id, dish_id, ingredient_id, amount, unit, notes, sort_order) VALUES
('01DISHING00000000000005200', '01DISH00000000000000000900', '01HFBASEING000000000005200', 1, '根', '茄子切块', 1),
('01DISHING00000000000005300', '01DISH00000000000000000900', '01HFBASEING000000000002300', 2, '个', '土豆切块', 2),
('01DISHING00000000000005400', '01DISH00000000000000000900', '01HFBASEING000000000003700', 2, '个', '青椒切块', 3),
('01DISHING00000000000005500', '01DISH00000000000000000900', '01HFBASEING000000000003400', 3, '瓣', '切末', 4),
('01DISHING00000000000005600', '01DISH00000000000000000900', '01HFBASEING000000000008500', 2, '勺', '生抽', 5),
('01DISHING00000000000005700', '01DISH00000000000000000900', '01HFBASEING000000000008400', 2, 'g', '盐', 6),
('01DISHING00000000000005800', '01DISH00000000000000000900', '01HFBASEING000000000012200', 10, 'g', '勾芡用', 7);

INSERT INTO cooking_steps (id, dish_id, step_order, content, image_url) VALUES
('01STEP00000000000000004900', '01DISH00000000000000000900', 1, '茄子、土豆、青椒分别切块', ''),
('01STEP00000000000000005000', '01DISH00000000000000000900', 2, '热锅下油，分别将茄子和土豆炸至金黄', ''),
('01STEP00000000000000005100', '01DISH00000000000000000900', 3, '锅中留底油，下蒜末炒香', ''),
('01STEP00000000000000005200', '01DISH00000000000000000900', 4, '下青椒块翻炒', ''),
('01STEP00000000000000005300', '01DISH00000000000000000900', 5, '倒入炸好的茄子和土豆，加生抽、盐调味', ''),
('01STEP00000000000000005400', '01DISH00000000000000000900', 6, '用淀粉勾芡，炒匀即可', '');

-- 10. 韭菜炒蛋
INSERT INTO dishes (id, family_id, name, category, description, image_url, created_by, created_at, updated_at) VALUES
('01DISH00000000000000001000', '01KAFWYVKQS71KYJNQ9MZX3QWX', '韭菜炒蛋', '家常菜', '简单下饭，营养丰富', '', '01KAFWYD6SVE37C8RBEX4SXEMH', CURRENT_TIMESTAMP, CURRENT_TIMESTAMP);

INSERT INTO dish_ingredients (id, dish_id, ingredient_id, amount, unit, notes, sort_order) VALUES
('01DISHING00000000000005900', '01DISH00000000000000001000', '01HFBASEING000000000011000', 1, '把', '韭菜切段', 1),
('01DISHING00000000000006000', '01DISH00000000000000001000', '01HFBASEING000000000001100', 3, '个', '打散', 2),
('01DISHING00000000000006100', '01DISH00000000000000001000', '01HFBASEING000000000008400', 2, 'g', '盐', 3),
('01DISHING00000000000006200', '01DISH00000000000000001000', '01HFBASEING000000000009000', 0.5, '勺', '香油', 4);

INSERT INTO cooking_steps (id, dish_id, step_order, content, image_url) VALUES
('01STEP00000000000000005500', '01DISH00000000000000001000', 1, '韭菜洗净切段', ''),
('01STEP00000000000000005600', '01DISH00000000000000001000', 2, '鸡蛋打散，加少许盐', ''),
('01STEP00000000000000005700', '01DISH00000000000000001000', 3, '热锅下油，倒入蛋液炒熟盛起', ''),
('01STEP00000000000000005800', '01DISH00000000000000001000', 4, '锅中留底油，下韭菜段快速翻炒', ''),
('01STEP00000000000000005900', '01DISH00000000000000001000', 5, '倒入炒蛋，加盐调味', ''),
('01STEP00000000000000006000', '01DISH00000000000000001000', 6, '淋香油，炒匀即可', '');

